id	number	url	title
FR-001	109	https://github.com/SimonBarnett/agentic_fomprep/issues/109	FR: AGENTS.md CAST IRON Bobiverse intake (-Repo agentic_fomprep)
FR-002	110	https://github.com/SimonBarnett/agentic_fomprep/issues/110	FR: harvest-agent-skills documents Bobiverse intake
FR-003	111	https://github.com/SimonBarnett/agentic_fomprep/issues/111	FR: harvest-priority-skills documents Bobiverse intake
FR-004	112	https://github.com/SimonBarnett/agentic_fomprep/issues/112	FR: tools/Report-FomprepIntakeIssue.ps1 default repo agentic_fomprep
FR-005	113	https://github.com/SimonBarnett/agentic_fomprep/issues/113	FR: tools/Invoke-FomprepHarvest.ps1 session harvest
FR-006	114	https://github.com/SimonBarnett/agentic_fomprep/issues/114	FR: docs/skillbook-referral.md for non-CWD agents
FR-007	115	https://github.com/SimonBarnett/agentic_fomprep/issues/115	FR: CAT gates for intake needles + default Repo
FR-008	116	https://github.com/SimonBarnett/agentic_fomprep/issues/116	FR: VISION.md honesty-box intake bound
FR-009	117	https://github.com/SimonBarnett/agentic_fomprep/issues/117	FR: PRIORITY-AGENT-SKILLS index lists intake tools
FR-010	118	https://github.com/SimonBarnett/agentic_fomprep/issues/118	FR: DryRun test for intake tools default repo
