id	file	goal	depends
FR-001	FR-001-agents-cast-iron-intake.md	AGENTS CAST IRON intake -Repo agentic_fomprep	
FR-002	FR-002-harvest-agent-skills-intake.md	harvest-agent-skills intake path	FR-004 text refs ok as forward
FR-003	FR-003-harvest-priority-skills-intake.md	harvest-priority-skills intake path	FR-004 text refs ok as forward
FR-004	FR-004-report-fomprep-intake-script.md	tools/Report-FomprepIntakeIssue.ps1	
FR-005	FR-005-invoke-fomprep-harvest-script.md	tools/Invoke-FomprepHarvest.ps1	FR-004 contract
FR-006	FR-006-skillbook-referral-doc.md	docs/skillbook-referral.md Mode A/B	
FR-007	FR-007-cat-gates-intake-needles.md	CAT-T61+ needles	FR-001..006 content
FR-008	FR-008-vision-honesty-box-intake.md	VISION.md intake bound	
FR-009	FR-009-priority-agent-skills-index.md	PRIORITY-AGENT-SKILLS lists tools	FR-004 FR-005 FR-006
FR-010	FR-010-intake-tools-dryrun-test.md	DryRun default-repo test	FR-004 FR-005
